heart_rate,respiration,speed,traffic,weather,label,accel_0,accel_1,accel_2
76,14,50,0,38,0,-1.3471262895296965,-0.9716140385106515,1.2004139079444254
88,18,98,86,68,1,-0.3137885579427915,-1.0938219653638792,2.0733055050545723
60,15,3,5,36,0,1.185704154662997,0.7189533106650667,0.9960476858058164
79,12,2,44,16,0,-0.7567950885694608,-1.4218106667418438,1.5013336519554867
72,13,55,33,25,0,-0.32267983884213575,-0.25083301645504735,1.328194141849058
95,19,88,96,71,1,2.11246001880132,1.9117755441632154,5.330004689802168
72,15,51,14,7,0,-0.643518230380143,0.9278401280812372,0.0570131248970845
73,15,10,44,32,0,0.26859227886325693,1.5284684264125317,0.5078357562896237
62,13,32,25,1,0,0.538296079049633,1.0725073373098022,-0.3649527295428853
85,19,97,63,79,1,-0.6784193346780127,-1.0896183880420671,-2.9327131787520035
77,13,57,6,46,0,2.056207129940322,-1.1032083657216831,-0.221253623585772
78,15,10,45,19,0,-0.27681329988892067,0.30740669780910074,0.8157372125392968
64,13,26,30,17,0,0.8604734883597454,-0.5830774385689385,-0.1671217137864115
74,14,32,23,42,0,0.28257995048829965,-0.24869112618354708,1.6073455760199926
81,18,80,80,59,1,1.9819499032765027,2.469755572099635,2.3257625373348256
69,14,38,28,23,0,1.173473857485325,0.18102155870370695,-1.2968319479558466
97,18,90,91,53,1,1.7993759035052832,-0.3027137875836581,-0.05723336349951369
92,18,97,81,86,1,2.1727280375101863,3.4765661428672714,1.0425431534721232
84,19,105,66,53,1,1.6176660251979276,4.404429889270476,1.4815063589771365
60,15,1,13,12,0,2.601683114180395,0.5655096456315442,-1.7607627591558177
80,19,86,89,74,1,2.506683242209065,1.7623167697655555,3.579505508165491
77,13,35,35,12,0,0.6731813512699584,-0.13845598398377382,-1.2242982362893657
94,17,70,97,67,1,0.5819534854279494,-0.7010409084186002,-0.1610468996094454
96,17,106,73,73,1,2.177156808841219,4.3398090087028125,1.789343059645962
90,17,77,94,51,1,-1.3917661240703687,1.8892053364402814,3.393262973291302
96,18,118,76,97,1,-0.2195658086387644,0.7319656666541646,1.0293763894583943
92,18,60,74,82,1,-0.56979662616448,2.296560867687718,0.7581037027844368
80,18,94,81,68,1,1.8390648878140556,-0.7749843556042002,0.12508339935317914
81,16,94,67,58,1,2.4447627156555427,0.25433369581646603,4.45392770246681
88,19,90,95,77,1,0.2007276287707953,1.4493694515037718,2.8651816637461796
62,13,27,17,34,0,-1.4183657329330317,-1.7608088119807759,-1.5256563145700948
60,13,38,36,38,0,1.262584103427182,-0.5518581458924467,2.5581992856682523
95,18,60,75,59,1,-0.1284951973147772,1.3691026063940739,4.084219905135751
85,17,84,58,50,1,5.012185776318246,5.123007153272796,3.416732461186285
96,17,102,84,91,1,3.048125051622925,2.185053898402366,2.5567221523332755
64,15,37,7,20,0,-0.5511857163285334,-0.8181988834223072,-0.0033744574109520514
84,18,79,69,58,1,0.6596307549501431,0.09354390134544965,2.3927748949134306
65,15,2,41,46,0,0.9553052085705107,0.08840688629184736,1.4775300810552618
62,12,50,21,14,0,-1.141689114133505,-0.19365945927971812,-0.7168223206028049
64,12,1,18,34,0,-1.86653661707306,-0.08268068584269925,-0.12174750838328353
64,12,17,29,4,0,1.513449743242131,0.6308116845547775,-1.024186824329205
69,14,43,27,40,0,1.8540925663341883,1.221033695525353,0.5820977034686158
89,17,69,84,71,1,0.5470318023003362,-0.9188784734469595,0.255586447857894
98,18,64,92,90,1,3.177497239408372,4.769172611869218,4.086487056544378
96,18,68,60,72,1,0.022301156427451785,-1.2392348665780224,1.281772493822408
93,17,61,80,56,1,-2.5368787311257033,1.646335428369563,0.7047948274026626
88,19,93,98,72,1,0.0679269962635155,-2.189406134533591,2.027200213139433
73,12,59,47,43,0,-0.5327008396619114,-1.169916835710288,-2.8722622132816493
80,19,97,88,74,1,0.9449701898987275,4.544503193339488,4.32251842909574
98,16,90,85,76,1,0.08580748682745631,-0.2044241207235611,1.9375485121500475
72,14,9,29,40,0,-0.9983854391882915,0.30179189981946597,0.7660802783846903
92,16,109,72,55,1,3.453866447768615,0.7996918470400944,0.5926524996460683
63,14,11,18,33,0,-0.877982586756561,-0.82688035403986,-0.22647889190152676
80,19,95,61,58,1,1.7347310136323562,2.827169252466499,-0.6063579013606897
76,14,53,14,48,0,1.4926885689595217,-0.2711236010425688,-0.021367294348436157
87,19,80,80,82,1,-0.49442335829564676,-3.848480520545883,2.7680907927220995
81,17,108,92,55,1,2.4736877941848667,0.4373448857635732,1.1339814344497439
67,13,46,36,36,0,0.5159392177040995,-1.5625458568865427,-0.5290526773462948
66,13,5,36,30,0,0.7942646796218271,-1.2542894231692494,0.2935579321666293
61,14,47,14,33,0,-1.356581804623405,0.46642998243352635,-0.03564148229748357
62,13,48,28,40,0,-1.6151318159055095,1.1647393544571714,-0.7345915767980492
77,12,2,49,28,0,-0.810252437014381,0.20056919723094285,1.1486373494287152
71,15,9,42,13,0,-1.015821818978397,0.06167984984797165,0.42881650033057295
60,15,4,25,35,0,0.6931056072631441,0.1764415552772252,-0.3670278390833223
71,12,45,43,35,0,-0.8275902206487197,0.08614388304637476,-1.072139011985607
84,18,85,51,64,1,-4.842700966989215,1.8731196083153356,2.8078696821723907
96,18,80,69,57,1,-3.725864871083677,-1.019461409419875,2.2383085220103958
75,15,44,14,25,0,2.0574954697116987,0.020793707675407894,-0.7280029412291344
94,17,85,53,85,1,0.6342071177903197,3.7497528382963696,-0.2919283582490706
94,18,97,71,97,1,-0.5983840133005072,0.03451295563593515,-0.9066572165174247
84,18,103,99,70,1,1.245340631989591,4.249356916939121,1.646158546232058
93,16,85,87,77,1,0.4952929957474248,0.4163774621689118,-2.126381617393314
61,12,7,22,3,0,0.883109777147159,-0.07783719701280203,-0.18047991359062565
90,17,64,75,65,1,7.386215135689722,1.5975058167313725,-0.5035821001903686
78,14,14,10,21,0,-0.4263575962055433,1.1484457091967548,0.11327041053776446
86,18,118,77,61,1,-1.8765559566347334,2.8384578691504068,-0.3362881710779879
85,16,75,51,65,1,4.746595552435091,3.160096131429297,0.10535620868249762
81,18,60,57,89,1,3.562032723470226,1.1357110210548065,2.705547350244439
65,15,15,28,37,0,0.48473281729447476,-0.8463566549908735,-0.643549832317462
97,16,96,60,91,1,3.0599216351623224,0.33044933578691826,0.19270307351600657
61,13,2,36,36,0,-0.955122579349353,0.42359906559346105,2.062524919243145
97,16,111,67,78,1,-1.1350658285085458,1.048438913345516,3.8244411108308585
74,14,46,49,17,0,-0.07964139124571515,0.4523717962497339,-1.0623935281468797
98,17,90,63,59,1,1.8566141944152972,0.6257114699909024,2.971459991359726
61,12,12,9,41,0,1.1873860515647512,2.589563642018614,0.5796331732135757
79,15,55,34,38,0,0.32579631658216646,0.19438430157733602,-0.35316629281068834
85,19,75,58,67,1,1.6769676869233823,0.40919717972194114,1.3369219525392286
60,12,54,34,0,0,1.3175975356079597,-1.0065425652796411,1.1398785611290454
94,19,102,60,88,1,3.6342301346797306,0.7638629460178425,-3.243709798017189
89,19,80,93,70,1,-0.21564397418886494,3.5939890931222185,0.9542638754022358
98,19,61,61,50,1,-0.9986044645898215,-0.009549842456434865,2.6812400530091063
96,17,113,52,64,1,2.093467136402759,0.5221358016606114,0.2663511763706249
84,19,86,88,53,1,0.21648370191235622,-0.8448203689970051,4.2307513789388835
83,19,97,63,69,1,0.3553590615773202,3.434317041650993,4.042632103844903
89,19,85,77,59,1,2.996621796295921,0.1367593745639032,1.807460180673219
96,17,117,60,72,1,0.9516087872181677,-0.8074037214602563,1.648718563443206
89,16,118,88,90,1,-1.358079582319605,3.3753587769231275,0.07076540540321385
96,18,97,74,83,1,1.4023193117456785,1.5665757430922844,0.48219005259184533
99,19,105,70,95,1,2.1733876029505494,0.050192686754951144,2.7425945949144883
64,12,24,9,47,0,-1.3459796802467485,0.12637957954641182,1.9389289990582848
61,15,10,42,32,0,-1.0003313246055747,-0.6777449705248515,0.513907849658915
85,17,67,64,83,1,1.359163563879196,1.7012601985471183,1.9783742602953271
81,16,67,68,88,1,2.26944293712354,3.2193996839124464,1.819637313857025
92,17,92,97,59,1,0.5174846907629151,2.3451474024054626,4.799763869790431
90,19,112,71,69,1,0.734732507234853,-0.9490586093412829,3.2141613385739456
90,19,66,70,50,1,0.7592376720928036,-3.3453390920280723,2.6948433543008434
95,17,97,93,62,1,-0.07065637190784546,0.8189334353916784,1.663960661138029
90,18,80,81,50,1,1.3809993595581327,2.418903634278079,0.1290272588603133
98,17,67,99,54,1,2.0262115963521654,0.4809066448321656,2.4776209617750062
74,15,50,22,15,0,0.6153674840130534,-0.9354387020445953,1.0859821161750323
95,17,113,62,64,1,-0.07192689022809606,2.61611559656229,1.7345746268026812
70,14,20,4,48,0,1.8381836767951225,-0.22346598237185214,-0.3493167961181975
95,17,115,53,77,1,0.9611607882245348,0.39364043433144913,2.5998838038841
87,18,79,77,80,1,-2.232621216873176,-1.1073648382927082,-1.1356058431583862
63,14,7,13,22,0,0.9503075919735757,1.7106133725819253,-0.1044492185374715
87,17,117,57,97,1,0.6623565536199787,1.1401043262263628,3.323756605216381
63,13,45,8,44,0,-0.9273531341905741,0.23836898273478513,0.9751976297824297
82,16,90,84,92,1,2.0021883398796905,1.3791632331974868,3.0020921851342823
82,19,109,86,66,1,-4.406464585998474,2.3557506390618155,-0.3081513662548476
77,14,56,20,48,0,-1.830632896856457,0.5112025995249807,1.3736585451629577
98,16,88,67,83,1,0.7251029707446163,2.905749094405878,4.224556515977291
78,13,47,32,12,0,1.3149144535840473,1.639964529371393,0.7421274910718922
84,19,68,57,63,1,1.1508672778031857,-2.203931623794337,0.5078750237401028
77,12,14,48,10,0,-0.8432465953161917,2.1709427174978138,-0.1758858124323366
69,14,29,16,27,0,0.12320480678448567,0.5514853760404675,0.043602446372453724
85,16,85,92,91,1,4.3901020808615066,-0.2452987234689039,1.3892149104744855
80,18,69,80,81,1,-0.4849411713960965,-1.6400450224414116,-0.22353818181057084
64,13,28,33,34,0,-0.03703679704841202,-0.42930222451725997,-0.692420979873856
88,19,113,55,80,1,-1.8126349273436677,0.8337888547426104,-2.0094407480620045
91,19,75,71,66,1,2.5201119273792054,1.1648795058690067,-1.9151029989298611
93,19,95,63,96,1,0.3815818459002731,-0.5043128111811663,1.6383490208383609
61,13,19,2,8,0,1.3404504460231446,-1.8751724696457446,0.11502607914741717
76,14,44,11,9,0,-0.1601327955666404,0.6713400764504657,0.21319662823768915
73,13,53,35,7,0,-0.7519693317388191,-0.31905393566661816,-0.796025856803489
72,15,36,11,20,0,1.0760071385985983,0.02131164867194222,1.9011906857530074
68,13,21,44,12,0,-0.060660813814620775,-0.7084067669104628,-1.5137143926128271
74,13,6,1,49,0,-1.803139676255945,-1.5841359430054898,0.2671266510114834
74,13,22,1,4,0,0.5087250232299338,-1.5811907020321334,0.8950383140761154
70,14,40,14,5,0,-0.4830610516834395,0.14679301198554937,1.6122206282554243
75,12,39,22,29,0,0.8968393158655319,-0.2685306479058323,-0.8911922254152874
96,16,88,78,80,1,-3.30363080265861,-0.4383066384848402,0.5777395223446111
63,13,15,16,16,0,-0.987179527151184,-0.13125696709230472,0.07685188295876821
80,16,97,81,60,1,0.5502880363838429,-0.3000051616469195,1.3373093439334554
87,16,87,56,69,1,1.883881299138818,-1.180798154885692,3.82186475949254
96,17,107,79,97,1,0.8028237354314766,1.0376992458896954,2.4164288465131145
62,13,37,27,8,0,0.23321613126350166,0.9531366339132451,0.2871241652018242
79,15,30,13,1,0,-0.6124373746404379,0.36150352520610163,-1.1437262073206618
74,12,13,43,36,0,0.10855970577652314,-0.0332299906444608,-0.2081168572725397
74,14,52,29,0,0,-0.12853751143893075,-1.881849045497639,-0.5487249077409615
93,17,92,66,53,1,1.1856898022822295,1.3197127839948006,-1.0553502818519163
73,15,56,31,35,0,1.2657078408647007,-0.8661748482145009,0.9694572005267368
61,14,8,45,24,0,0.42719436187168486,-0.646227309843803,1.775310892609512
72,12,56,5,2,0,-1.19363683175648,0.9191541736100015,1.0005823180429783
73,15,26,23,8,0,-0.6706202090766449,1.3924653000643288,-0.2500465145989528
78,13,23,5,21,0,0.28869362927985703,0.2603218387712207,-0.1343087414705478
86,18,72,76,72,1,2.621616546319564,2.586977441104426,-2.4970639464763615
62,13,25,17,11,0,1.3043402428781525,-1.6624919880356743,1.0325462043416573
94,16,88,73,59,1,3.2534102736551667,-1.1819328604303965,0.1783714240908304
73,14,50,36,33,0,-1.1057046684859357,-0.21492103028873533,-0.30803428418574125
90,16,108,73,92,1,2.55932106453868,3.6206174922392167,3.791367621579912
74,12,42,37,9,0,-0.5621680265783021,-0.20922187374452778,-1.6834381922209503
72,15,27,33,29,0,-0.8058700664961888,0.9648516330974576,1.6155828235482317
97,17,87,89,71,1,-1.468697743759844,-0.1849285183057885,0.9471884860821459
85,18,67,96,55,1,1.5603223176392136,-0.6192070398432923,1.8481220889281795
82,16,82,64,99,1,0.052321305858167744,0.9710954582434418,2.092568496007399
78,12,28,10,1,0,0.0064222698109378164,-0.4363858905265686,-0.10960980392583083
94,18,64,71,79,1,0.8232740815893294,0.2599779402357446,0.48240787466579527
64,12,41,23,1,0,1.598647170504717,0.5609194479412387,-0.29548031802916036
69,15,6,0,31,0,0.6969544045107356,-0.33381948975600995,1.1731246375866413
86,19,101,67,91,1,1.7392843843961878,0.7853957119915422,1.895433851620555
96,19,95,93,65,1,-2.1417523041369986,-1.2535349378196106,-1.3878500127981108
66,15,40,11,11,0,0.14294309476370676,1.732514999485092,2.2313001461926323
71,12,26,42,0,0,0.6380511014407572,0.5008444749444569,-1.801057734152739
96,18,117,77,57,1,-0.08534759946804349,-0.5755675038164778,-0.24169519650223203
92,18,105,89,97,1,0.6637123628304208,0.055818844605745266,-2.9585996207515755
99,18,61,56,99,1,2.495820512235068,-1.145486051479613,1.4784937282222992
63,14,24,22,12,0,2.0740826697499735,-0.9193845915864234,-2.5302875227463297
69,13,8,20,14,0,-0.2860042218801108,1.100959634998571,1.9583474542205939
62,14,52,33,43,0,-1.2295495944524168,0.4966992232365217,-0.46531045678005334
68,13,26,10,7,0,-0.10594835430413566,2.6443433470170348,-1.5029703283951532
72,13,0,21,9,0,0.25373966149457344,0.4676931717654332,1.0857863249393471
77,15,22,41,45,0,0.09798315347089544,0.3080505395041023,-0.3916485674217911
94,17,69,84,54,1,1.5382538824902148,0.313615449005179,2.243143779712102
63,12,41,28,49,0,-0.36961033604363397,0.37710039390218647,-0.029262813684978354
74,13,51,41,18,0,1.1260502507721681,-0.05139372358848624,-1.7730324682068814
61,15,24,27,46,0,1.2619215007139917,-0.9057323008626189,-0.6537663386488198
94,17,113,67,87,1,-0.1913225880869842,3.7488761863416347,-3.271348427957391
67,12,2,13,10,0,3.1377485336599937,1.0560568090660518,0.22323891412915967
67,12,5,17,42,0,-0.05489400061628639,0.28555407485765694,0.5211224283793383
96,16,117,77,69,1,2.290431171900114,2.111208932006897,1.1791613625104977
71,15,5,23,19,0,-0.1973384203073261,-0.1512732836535117,-0.194908280352681
78,15,52,7,20,0,1.1337700968670645,0.5935567222808619,-2.9403886346642802
69,14,1,41,17,0,0.655900776529761,0.19473619471877485,-0.018708756445897416
68,15,57,44,49,0,-0.38851845308888583,1.1241127199860135,0.9475264621228578
64,12,57,7,9,0,-0.7728776678236091,0.4070522871245351,-0.971656734541286
85,16,77,53,83,1,-1.759236329577861,-0.2534344491799303,2.7247869447655173
99,19,82,76,75,1,2.9062500907521733,2.026170840194586,2.450191573695994
81,17,61,85,79,1,2.032356574229917,-0.28296319044590446,1.8638450893478813
72,15,11,4,8,0,0.8004095252276823,0.7542913298135743,1.188913371474643
65,15,21,32,45,0,0.7083038472010638,0.3514482075415829,1.0701502383164274
64,12,36,48,30,0,-0.026521259249060063,-0.8818746512277178,-0.16306696394376388
80,18,79,83,91,1,-0.48980528961289815,-0.3503565499487631,0.7109626585689643
65,12,38,29,3,0,-0.7924199209999613,-0.3079615296390403,-1.8936146669537857
65,14,23,7,5,0,0.21329370737293857,0.0012054753622242368,-0.8170886310681906
95,16,107,88,63,1,2.31849133686481,2.8751402752531168,-2.2151197287379483
63,15,19,46,3,0,-0.7627247785662142,-0.7691423497872982,-0.9399031011088647
90,16,60,75,75,1,2.658949683863497,0.612347722454393,0.4709703173787785
88,16,60,86,96,1,-3.007724728813507,2.2708360604184525,-1.4785167897069451
82,16,76,83,97,1,1.1198652605326564,1.5547538759163833,3.721317191677302
78,15,58,6,38,0,-1.308820399119112,-3.0195121558208253,0.18384954475369486
67,15,0,39,16,0,1.8005111815108537,1.2389463529394373,0.20965941527462578
64,15,52,27,18,0,-0.49163618563204736,0.8071225966373103,-0.9735461997044687
63,15,51,38,48,0,0.47635776935621926,0.5054701591666269,1.0602099074988798
65,14,44,38,5,0,2.7596600389110777,0.39241596717876703,-0.5089636257074988
61,14,29,27,28,0,-0.025574312191994436,-1.7690759048891183,-0.6947131310890582
79,13,40,13,10,0,-0.409282438113104,-0.5240883979345925,0.152354872033722
90,19,106,99,65,1,-0.6448398647644011,3.242061334648943,1.0004141298363942
63,14,2,37,29,0,-0.009300321138614417,-0.32789471651291785,0.15519068385897913
94,16,105,53,74,1,2.650196529335269,-0.7342604314218006,-0.3162329781505133
65,15,54,41,39,0,-0.30372602877666466,-1.345870923473215,-0.8192578597214978
76,13,10,17,10,0,-0.47622087354465903,0.8743891807127275,0.26256132900192497
65,13,23,43,6,0,0.19358991136754436,0.8508979621679722,-0.13737178839939665
98,17,81,97,75,1,1.7809296998577793,0.7935564941350075,1.5307246987992569
81,16,103,74,71,1,-0.16551731522316415,-3.877634316552858,0.7314416756273917
94,18,104,56,74,1,3.84549627219988,2.852430804483185,2.930794969182341
90,16,85,87,68,1,3.4722614436124357,1.1773151819228749,1.3946314148111911
67,15,12,27,30,0,-0.6176518954343502,-0.31607285602704976,0.6157711497711416
98,17,60,54,75,1,3.4077688743376324,0.7211074486380009,0.09962147029717683
72,12,23,2,41,0,0.0005279588565972928,0.6012067489291149,-1.4438548161335418
71,12,9,43,40,0,-2.296180953137238,-0.5505368494915835,-1.2207124259141586
84,18,94,80,85,1,-0.016280395294621774,0.7044393623650569,0.09350318195397322
85,18,83,96,72,1,3.904935068941491,1.65348952920464,1.6009487192216567
83,17,87,91,96,1,2.244414288086804,-1.2776662355615382,3.0782235748405373
98,16,95,69,62,1,0.8484714269290803,2.340961234482425,-1.143714466080311
99,16,75,68,74,1,-2.1075175320321287,2.6357793160500576,1.7528190521950333
80,18,99,97,51,1,-0.8041031087150208,-0.7393261625493888,3.250869568829539
99,16,75,60,51,1,-1.3788237857346557,4.285345906511926,-0.8012414692957375
96,16,118,89,65,1,2.276783851216766,0.34276304850203076,2.206374862164686
71,12,16,2,8,0,-0.5441140021141926,-0.1627929060722942,0.04091917539572113
94,18,110,72,77,1,-1.0043749115629454,2.4816486908402515,-0.02642713294317045
80,17,113,56,62,1,0.5428001693199629,-0.9886987492170245,-4.124667317590621
73,15,14,22,34,0,-0.19102776260016902,2.412615421612916,0.7846042878980238
85,17,75,56,90,1,0.9614792405312107,0.47421834158346465,1.0449317856240927
64,15,14,45,12,0,0.54711911517521,-1.1808128153088449,1.114321694668872
70,12,56,33,30,0,0.7153813154412441,0.7181857257079345,0.4384757388097273
83,17,93,91,70,1,1.0392333153879798,2.34572247193364,2.183628267482756
72,15,10,18,31,0,-0.3540407109410238,-0.573601772896901,0.1018562952619867
70,14,0,8,33,0,1.5490201514951873,-1.2391070756539009,-1.46752526575244
62,14,14,47,7,0,0.16476084123651674,0.05088770185601806,0.1733416643704082
60,13,25,17,40,0,0.24395319790850026,-0.22320225463480511,1.4898634386020821
85,17,110,90,97,1,-2.201807956953031,-0.656994049560492,0.7934904797019052
77,12,3,47,1,0,-1.6431888111541673,-0.17585440443207118,1.6614701657280182
89,17,102,94,87,1,1.0417729765919235,1.461401811437367,-1.5203295303451605
64,12,4,41,31,0,-0.6163614080394775,-0.375196380323937,-0.31771509675623405
69,12,34,24,39,0,1.2816437950037687,0.5576910607251245,-1.111457956937032
71,14,12,13,27,0,0.24650477843200488,0.49822174849678513,1.1401490385212665
61,14,9,43,36,0,1.5805406865683735,-1.0150941918278686,-0.8108575112103382
92,19,70,74,90,1,-1.5151557178292325,0.5319602817860373,1.9327167488926689
87,18,77,68,50,1,2.9746690331782037,0.8480979527149545,0.3603049534903121
61,14,33,38,40,0,0.15175799224874037,-0.835142901630023,2.0895387216947734
79,13,38,14,9,0,-1.6076610271180587,0.18474057889572446,2.0236062192296393
80,18,100,65,53,1,1.0135996891199954,0.6199219299970111,0.28510915437914564
64,15,41,26,34,0,-0.18039168176240783,1.3728484746765302,-2.211861911329507
68,13,49,39,9,0,1.5334337012963255,-1.423957152450145,-0.2666523292344148
76,15,22,9,46,0,-0.42924442029866183,0.5885532697707198,-1.5981243518837476
88,18,66,53,60,1,1.9243453321638857,5.048619246573705,-1.726348009185621
90,19,118,68,63,1,1.3794123352207914,-0.3239643555932181,1.8517744123860715
94,17,98,77,87,1,1.038295554831504,-0.2829738180886192,1.9757445697421478
65,12,2,20,11,0,1.804348109786743,-0.19090379172729868,0.7197579421481819
62,15,11,46,44,0,-1.2932729578711637,-0.9564363768180087,0.47240627788037737
96,19,66,63,66,1,3.96823205707193,1.71122669757132,0.3738839389536913
84,17,108,82,65,1,0.9985828108467082,-1.500815467939435,2.2090306527107337
91,17,85,97,84,1,2.7646661246468183,0.09581933433383927,0.059915704480997034
97,19,92,59,51,1,1.531756459304097,0.126560527918809,0.8677347707483551
73,14,36,18,10,0,2.0997217891665154,-0.24702570074599667,-0.3583401520212222
90,19,107,79,90,1,-0.29508361127031835,2.4883839429998735,0.637551653563794
68,13,14,21,2,0,-0.649373038321426,1.321304032273012,1.4196030045136372
81,16,61,52,78,1,-0.2008471314774103,-2.7330799027212325,3.0150273796738443
71,12,40,36,17,0,-0.684629825760004,0.7906255991627686,-1.9701038177118355
82,18,66,90,69,1,2.7851946765986186,-1.4223438585615624,2.4615282381330488
82,19,91,67,96,1,1.0285461356728682,-0.9078788387932897,0.185927374146439
80,16,63,60,63,1,2.372636913913402,1.2117889062304685,2.1688259609449685
87,19,79,97,83,1,4.952881169030971,-2.1284832234221027,4.234425149937248
67,13,49,1,48,0,0.10435593752321293,-0.8987840483231282,-1.3303136257389898
90,16,112,61,80,1,0.6217592184459331,2.8433002238489187,0.7449017592449316
68,14,35,5,39,0,1.5111549302473475,-1.4511756900515589,-0.01208894784605456
64,13,31,42,41,0,-1.252393444413119,0.3636318826249679,0.8868873900973003
73,14,27,39,17,0,-0.42076179368105326,-2.6042138566271342,0.19894814679649453
62,13,12,43,29,0,0.4367385517335095,0.40429475496169764,1.235782191822154
84,16,60,78,74,1,-1.1421073592980977,2.360432210900899,3.38501502495595
64,14,59,29,18,0,-1.7785875840065168,0.31965182591897723,-0.5041798310076715
78,14,55,1,7,0,-0.08152267310164589,0.34767648353833636,-0.4872285641135523
73,13,34,8,27,0,-0.6757080791616118,0.0341524174880246,-1.0872459388628026
83,18,107,96,57,1,-1.171650257770371,2.3587465659130067,-1.2975880703173122
92,17,89,51,80,1,2.332625001818424,1.9251825857079023,-2.4516134575811934
89,17,113,78,52,1,-0.3551293046713102,3.388218806094745,-0.9623310622793633
97,17,95,82,52,1,0.07119147538122472,1.924121786503793,2.566781018565191
67,13,56,9,43,0,-0.2515388860444957,-0.5975101946916416,1.4223698616985077
67,12,54,33,21,0,1.7388996637975789,0.9788580507817954,0.08531814256502405
86,17,84,93,66,1,-0.6165314432818527,-0.6608888131131305,2.045028210531515
67,15,15,7,35,0,0.4183982208886837,1.4015985929464294,0.6504500925361392
73,14,57,36,16,0,-1.503080301759818,1.0519476177229186,-0.9980606273144129
78,15,18,32,13,0,-0.3839712719523516,0.2502002062516945,1.9956674897839644
85,16,60,96,58,1,7.219837112010722,2.2134461182723655,0.6336067625592243
80,19,64,55,79,1,2.0690112969611008,2.775310851747672,0.3586647488856166
74,14,50,43,20,0,1.7952113559123222,0.23007075919140207,0.49774308909139425
80,19,81,89,61,1,2.3318485041089225,1.8431732212289114,2.6778810009392244
96,16,83,94,86,1,-0.23450637309384637,-0.11660350789206109,-1.2003084659433898
80,17,102,68,81,1,1.8790024612404528,2.557873007024228,1.9155457323037717
94,19,104,81,60,1,4.348984866695075,0.9888079623419069,2.337483311185025
81,16,111,76,69,1,-1.1834017522786286,0.22580059505119798,2.391075515131555
73,12,36,0,34,0,0.849102110743144,-0.29396694766418224,-0.07159925185806683
87,18,112,92,96,1,-2.035747493361619,0.28594159838678124,2.780766327039572
67,14,35,32,45,0,0.5752050161065663,0.5006657213812097,0.04977368718096008
78,15,35,39,10,0,0.007063158628176452,-0.6603211394734471,0.6988284202025348
86,17,63,81,57,1,1.8419458887787796,1.9840376959855985,-0.052069685335160765
78,12,35,4,3,0,-2.1533429198712444,1.0971527117536957,-0.47883745600840416
65,15,51,16,26,0,-0.8627757640431206,0.6934789119139937,-0.3920126399191296
65,12,52,7,43,0,1.0599363840466218,0.6170059495766975,0.6835693232004776
82,16,77,91,89,1,-1.7319114224010685,3.423887970772801,1.522501062467712
86,17,109,83,87,1,0.2614457215075937,1.2867769346845022,-2.55247046579664
78,13,15,8,46,0,0.40865281148067084,-1.0293715081820716,-1.3526702858435344
87,19,100,72,79,1,-2.0447183724357822,3.2253767499798505,-0.25852678738557744
89,17,77,84,93,1,4.067455419832998,-0.07160292610459562,-2.4147159151858935
99,17,81,99,97,1,-1.2330488798973183,3.4716232400138773,0.688203644126665
94,19,61,56,97,1,-0.09657459298120186,1.3200364517055754,2.00356547233509
74,13,20,14,26,0,1.1173988159024608,1.4484992298929262,-0.35976864578908574
60,14,35,19,20,0,-1.3260476860820383,-0.413465161123276,0.26028050658288615
99,16,103,99,69,1,-0.9275178524212218,-0.9143018297900858,1.6875757630997708
86,16,98,74,53,1,0.9026952968590977,1.065593990823173,-0.5169906694001389
63,12,46,2,10,0,-0.23040071420576733,-0.9242331442683044,0.8901984111247868
65,12,38,45,12,0,1.0352493347237526,-1.8461878622380938,-0.92951086019241
80,19,88,73,58,1,-1.9930585101801581,-0.3000478688137964,0.8331240604192782
64,12,53,33,3,0,-1.44964521969853,-0.9218598131253132,-1.0039573720814985
80,16,85,95,61,1,1.414534658797888,1.1386886740725009,-0.4434751066745066
83,16,80,71,58,1,1.353641744278796,-0.09336016917453072,0.45668977934789345
61,12,16,10,12,0,1.673452090298537,1.340461051790348,-1.2995812369275976
69,14,15,47,47,0,0.8297324178791745,0.8113965544915921,-1.1482632887526183
84,16,119,57,75,1,2.6375552875097212,4.075863836825105,-1.2450896124888278
89,18,90,88,87,1,-0.8350056420285272,3.035322933687005,1.5429906216512959
60,15,50,42,41,0,0.5514762752395233,0.3405892164004968,0.39069592092814415
85,17,68,84,62,1,-1.652944256622166,3.0946354132428966,3.339179984855547
72,12,30,48,38,0,-0.22939074406802776,-0.04347694981386243,-1.5311075025557221
94,17,73,95,77,1,2.0285095120356695,2.144114883428288,0.875617966001378
63,13,48,37,18,0,1.1243533598705027,-0.3340772309799405,0.5646059258936003
72,15,36,7,23,0,-1.0196643386921156,-0.02355215087423812,-0.17435425790283585
79,13,1,36,18,0,0.22530792204094158,-0.3695269288333586,-0.1314725956716678
94,18,111,76,98,1,2.6520943428830126,0.1264715255235651,-2.2131542014773586
87,17,107,77,62,1,4.499167808410841,3.762908157380973,-1.5845253902112373
64,13,45,39,12,0,0.6897078052451944,-0.5029747705513431,0.26348721533105957
94,17,73,83,77,1,1.5884482580269874,0.531184399367356,-0.567531331172793
63,12,58,31,1,0,-0.6905410523162594,-0.9161919154812425,-0.8318222082304447
71,12,32,14,9,0,-0.06717829004935526,-0.7157599891107518,0.6820520657126199
92,18,94,93,71,1,3.9744923106718546,-0.160106482740086,1.4788090010707542
81,18,117,66,62,1,1.9993702206058677,1.9440045418385488,1.1519105358321748
78,12,38,32,8,0,0.7426824183597224,0.4822489526806572,-1.2376624223272978
98,18,117,96,82,1,2.7383121287785466,2.774581674533484,-0.5265722083571631
83,16,106,95,63,1,1.075875670895204,2.3666579856221386,0.5813723608412769
63,15,50,15,47,0,1.0729780477660118,2.3638724946193608,-0.7859860326349823
70,13,19,28,19,0,-1.3810446031537749,0.30381859560487573,0.7215625051261435
84,17,61,58,64,1,0.5382672523104621,3.9065213266420686,-1.6772115994464976
79,14,50,32,31,0,0.6929186230316111,-0.6058608207588934,1.7193779062072967
70,12,40,48,32,0,1.9925153531681183,-0.7666565877833479,-0.5495571359085801
89,16,78,78,66,1,2.719175773959604,0.22573870042097077,0.9091775641355235
67,14,58,12,23,0,0.02538842054241018,-1.9196731561976563,-0.01383774609423725
65,12,36,20,29,0,-0.6897277740641738,-0.493122822399772,1.4436320034688142
85,19,77,70,62,1,-1.5130137885585127,2.6264103734959545,0.44207413933638295
87,17,75,54,96,1,0.4404796630083312,2.580743792103423,1.680102589137781
74,14,3,9,47,0,0.570612997219531,0.9681846605328611,-0.33130838318332273
73,14,11,5,15,0,-0.6122367345077503,-1.085150526557798,-0.8254105299789551
90,16,88,62,51,1,6.8981888506174505,3.4893591614735735,-1.7021487324160427
91,18,66,50,66,1,-1.6449159134871403,1.9637321234369831,2.094529594755934
92,19,73,69,81,1,2.097767670634729,0.4900884128926043,0.7490914799941996
87,16,114,96,92,1,1.6557590483187148,1.1717860125866608,-3.43860074549507
77,12,11,45,7,0,-0.22979963057519381,-0.8514064342603136,0.17521141890851205
80,16,94,57,52,1,6.97051800520682,1.7349633309486088,0.3729406276552042
94,16,64,59,61,1,2.843603003954504,1.9653757744184253,1.8401889809036827
67,15,16,8,19,0,0.606850593215671,2.0565435648295414,-1.1308884353259157
90,16,117,98,65,1,1.947264153622909,-0.8527622599630769,2.111025292684497
71,14,41,40,13,0,-0.9186865114860944,-0.4173668136050844,-0.2950899142379063
91,19,91,52,65,1,2.9516334386894183,2.8369088878848276,-1.491434752892769
83,17,69,60,98,1,1.1098682219996974,-0.41915970949834525,-1.517009821350669
95,17,102,61,92,1,0.5659658991512592,0.38303442308836055,5.853432972691045
63,14,16,9,48,0,0.43295982536069616,-1.3776175007542373,-0.5647740041709423
64,14,4,24,32,0,1.0213832954293984,2.088442772869925,-1.5859833122379583
84,19,104,98,79,1,-2.75984877027809,4.741930350743564,1.7792283547418077
67,13,41,48,11,0,-0.8682927318763665,0.5346290861224353,-2.6357477390168778
69,13,8,24,14,0,0.003375506597160999,0.32782117284308526,0.9242701395378298
76,13,48,10,17,0,-1.0138959522925377,0.08568716140335904,-0.9254246260595873
68,13,32,35,27,0,0.2553837556743171,-0.8953463223630241,-0.4081008391602206
78,13,35,38,22,0,-0.9958153947902291,0.651136241823657,0.8584511166566653
73,12,35,25,13,0,-0.2346205699574138,0.03823799496002834,-1.4485914146335441
87,18,77,63,79,1,0.4006467039864259,0.8995907659165104,6.24158618205995
88,16,68,88,82,1,-1.2239340515483272,3.928354477504875,2.9937175469316157
70,13,56,39,44,0,0.2806364044901364,1.7586204841951334,0.3721054726068629
80,19,88,50,64,1,1.7783183913358576,0.8937586939649094,3.447137764837255
93,19,109,53,56,1,3.1929384676217674,-0.25135457499242486,-1.6384943891975348
84,17,73,79,64,1,0.5940387252086858,-0.6000771287952928,0.8729508507692898
93,17,84,61,91,1,3.4748762693682784,0.08539668982642001,0.9143532373768503
63,15,14,34,45,0,0.058022734808395225,0.8484308822052846,-2.246889333984605
80,16,65,62,87,1,-0.2134005895305935,1.4225673845589455,3.4001579128537225
98,16,115,80,95,1,0.016195104987589692,-2.753105412083748,2.2394228919322723
67,13,41,37,43,0,-0.6353623888256293,-1.1896666590903613,-0.6243453897132241
74,12,28,42,10,0,-0.18452535765584954,-0.6047446645382127,-2.205566057099069
94,19,74,72,78,1,2.794132393774264,3.5497500825574444,2.3030439826790117
88,16,88,53,80,1,-1.2753713408496332,0.5970169321049641,0.9869573695410839
88,17,63,65,74,1,2.1975887791238202,2.3366809774361617,-0.4683475975569915
89,19,77,56,73,1,1.1639911128271208,1.9145608092304822,3.911644644293533
99,16,109,71,68,1,2.409013079649446,2.578113374751038,1.1676532558587218
88,18,116,78,51,1,3.8209182904070076,1.8195255919189948,-0.7221758203471409
62,15,48,10,21,0,1.4033699701251907,0.6979032725390276,-0.4430440211284823
99,19,103,82,69,1,0.041014065201513294,1.5931510902815236,1.9263695905351694
90,18,98,78,82,1,1.3945845312624128,1.6226173468857699,4.399914749152761
65,14,15,38,7,0,1.0715431522348857,0.19063559126502433,0.9413105807674833
61,15,10,11,24,0,-1.0325239035275395,0.39792704994680894,1.80930634973311
66,14,13,6,45,0,-0.21804589539237385,-0.8476339286190848,-0.6520888885930607
77,13,2,38,8,0,-1.0896330373423884,-0.7847619081277034,-0.370508098590029
81,17,110,91,83,1,-1.811134038357284,1.031236667899206,2.804554347573294
96,17,109,97,72,1,-0.8155123602938408,4.038567847283538,2.0215841770551894
90,19,101,75,54,1,3.0611611712481146,-0.31566910770427414,2.7090504541332314
91,18,97,89,74,1,-1.183867800790626,2.7804950016730174,1.3436786795870623
98,18,104,58,57,1,2.1065024399695673,-1.3511892112497033,-0.7901396845532094
86,16,101,90,65,1,2.1944564365067696,-0.8966960084484015,1.9264125841982462
79,12,17,33,47,0,-1.3671378064602457,0.8481742126666681,-1.232523314768509
85,18,117,94,94,1,2.1045998753590465,2.2512618672920017,-0.39354363685914984
60,14,19,12,14,0,0.5820265670847269,0.26044226333355597,-0.5388418561927383
76,14,57,35,0,0,-1.008554684076208,-1.962625691672579,0.3496500472996937
90,19,107,74,71,1,-2.1296055427241103,1.1906883988826165,0.4731035678355018
77,14,24,23,2,0,0.6791427754381955,-0.3020454994898642,-0.3294477863470914
96,16,116,93,87,1,2.463741408576591,1.670116058168235,1.6323119143655567
66,15,37,16,13,0,0.46926758980852623,-1.5355721232071058,0.756788679986982
96,18,72,51,85,1,2.2249375880272044,-1.0333662571529945,0.5118390526515975
79,12,3,12,17,0,-0.039307287627631186,-0.1344967844017327,0.33385996656853467
88,19,114,80,96,1,3.862733563662367,3.1635334553456573,-1.6244383868628125
96,18,73,78,90,1,2.2441399806120974,3.657866639070819,1.7736170413784054
99,18,92,99,67,1,3.181960850371934,5.02454089140153,3.047419092213963
87,18,87,77,52,1,1.4986171912834578,3.090176948169507,1.2897756661937825
96,19,111,76,59,1,1.047806086569911,0.2971715285725349,4.126826717664216
66,12,36,14,48,0,-0.8184286659420014,1.532367724678116,0.49986412374037137
60,12,7,30,38,0,-1.3993061748019415,0.3676492929914216,-2.100026507651624
72,13,43,39,46,0,0.6255080168310357,0.885231482988991,-0.5923559556520536
98,18,93,64,50,1,1.2470953919111647,4.9083148675005726,-0.011493408523873372
78,13,43,32,26,0,-1.0589075870566005,1.4816634024625988,1.9625871905307948
96,17,64,69,76,1,1.0073913436956947,3.0229260708167125,3.682951831061762
92,16,113,91,60,1,-0.48496846507676805,0.02938832926426338,3.46174902630947
75,15,4,11,48,0,1.6850142787085094,0.5628808601743548,-0.8798143535020543
67,15,30,36,4,0,1.9870611116994412,-0.5309708978119645,-0.33513778117145177
98,16,104,58,56,1,1.684675668979243,4.108320841429548,2.7079519531044474
77,15,8,22,18,0,0.41486550036191044,0.4632885301181062,0.04351466864346608
80,17,101,57,78,1,2.1162790290370124,-4.059120155388606,0.4067850818604033
93,18,91,81,64,1,1.482643869833562,-1.3020281672390142,1.7726466356231199
98,16,92,97,84,1,0.591057558027757,4.51095139663098,4.146039450429713
94,18,62,63,96,1,0.06838886176367431,0.6983245768666093,0.8521048687832148
97,19,89,76,86,1,0.09668104768075458,1.3900499680562535,-0.5165641377751804
61,14,49,24,11,0,-1.1306153349375263,0.6227112239002686,0.6295295842218108
76,15,11,12,29,0,-0.8043157596599924,0.8953554307625996,-0.6315777291653314
97,19,88,70,69,1,1.5063304760759624,2.640688025224912,0.932774870592574
85,17,62,94,86,1,1.9094818242822686,-0.032859287775143464,0.6070668331438056
78,15,25,30,2,0,-0.20585943088034037,-0.7465783465402389,-0.1767741631157821
63,13,56,36,8,0,-1.5486182988637467,-0.4911537471421047,-0.28487549336967083
80,17,89,97,90,1,0.4876404950092398,0.5170051082584424,0.8764716002797421
67,13,8,42,38,0,0.4794415180860639,0.8745170741325226,-0.6497652268482671
86,16,85,54,75,1,-1.406401710778289,-1.084088824486206,0.025594157610145718
62,12,1,12,1,0,-0.3519213178165091,-0.7699960661974573,-1.2961166642498945
89,19,62,77,72,1,0.08775834505162361,1.3628532402279427,2.190058931671129
69,13,45,42,22,0,-0.5574230531083212,-0.41299782214343406,-0.9266983088473107
98,16,63,74,70,1,0.9371216592504472,-0.6968572683816292,2.1462556264824
73,13,24,34,15,0,-1.7858664919341112,-0.3596296724524624,0.3011073391917421
61,14,50,46,8,0,0.18383451632250436,2.6930336639804966,0.34980002456790754
80,18,72,88,62,1,-1.0081091936840205,0.8090715058218539,-2.5524926669329036
77,14,38,6,27,0,-0.08059974929676088,-0.8330560570007587,0.9153902755601617
86,19,103,87,76,1,-0.09908054919106979,0.7664681684095067,-0.2711156828088068
67,13,34,31,16,0,1.7388513518533313,-0.3212427661179117,1.8325570434792018
80,18,114,52,87,1,2.628303524236533,1.9641334546707723,1.7374662946350394
62,12,22,44,35,0,0.39379729821625153,-1.92767257934561,-0.2788833941507565
87,18,68,88,50,1,2.690315942368643,0.9022056330517889,-1.8103796936071501
74,14,1,36,17,0,-0.05240445057746945,1.7041055162554912,1.2468917155347194
84,18,113,99,58,1,0.8759919812679365,2.902898554116173,0.26698595926389634
62,15,40,21,12,0,-1.703871586826719,-0.9244659881295544,1.5628887685081978
98,16,103,57,89,1,0.4520138363413916,0.5132320412499638,0.40032360745023887
80,17,90,66,94,1,4.808273179146013,4.2519178307241265,5.437560466896268
94,16,103,76,64,1,0.6819095791998975,1.5912489774941903,-2.0332850988415823
67,13,46,32,42,0,1.4769344261182744,-1.167779551267935,0.2167755637626291
81,19,61,95,93,1,-1.1946050552656882,-0.17773365347739212,-0.6745248620994007
62,15,31,16,45,0,-0.6078752606758179,-0.5391227031489786,-0.5482687949250771
93,19,77,91,53,1,2.6666678235606143,-1.2097255861250402,1.4410828540277336
73,15,12,11,32,0,1.2179591523055584,-0.513196364513396,-0.7179188907476018
90,17,105,97,73,1,0.5389507496394983,3.3594504167214203,1.3882152619067154
75,14,4,45,35,0,-0.5312142946075985,0.48387665118803974,-1.1022921498364233
63,13,57,26,40,0,0.681359510442948,0.4086073077017676,-0.3078084711388841
99,16,101,97,59,1,-0.677171596894462,-0.7733618445669146,2.06963467269182
64,15,43,7,35,0,1.2289805024890619,-0.6373077470287948,0.45838670355148425
73,15,9,22,19,0,-2.0870270186020687,-0.5846177306571996,-0.031058932870901952
95,16,115,91,90,1,-0.8193668339636673,-0.873012749579192,-0.3355591129377724
77,13,42,48,44,0,0.29219272832637316,-0.1873290184063747,-2.238231233324972
66,14,24,28,43,0,-2.120700152635066,-0.6068651778571754,0.45768658605355206
69,14,33,49,10,0,-2.7475048427252347,-0.4997301761516306,-0.5262478565174211
86,16,96,69,61,1,3.7766755564168957,0.2299563765742727,1.765977969481857
60,14,29,15,17,0,0.14125714008746323,-2.1305664798072006,0.7682072166317373
98,17,66,66,79,1,1.430793010912576,2.016537279349179,8.852475412872653
75,13,5,15,43,0,-2.0841129394985884,1.7246966497611085,-0.28744751940035557
78,12,53,18,47,0,0.2873289044030093,-0.04551224530124217,-0.4242363333980435
63,13,54,7,36,0,-0.5698329282387588,0.32950873557300914,-1.5171736966716791
97,19,62,87,69,1,2.501158335043531,0.1676111902294921,-1.2601386780807156
61,12,12,37,24,0,-0.4500128579958137,1.2571492168625729,-0.5353350870162231
60,13,2,28,11,0,0.35845361820962024,-0.7309562757154733,0.7579218499236196
94,16,85,90,70,1,2.371015477580408,4.697217666592823,0.648872109001569
64,14,56,35,24,0,0.6686548047579066,0.09806753953894455,1.2958717818630143
99,17,83,75,60,1,-0.4376647752174607,2.4900106257545622,0.6106054077666366
90,19,112,80,58,1,0.8716236457830044,1.1835049688967456,1.5044807928533548
69,13,5,43,49,0,-0.11622904312195817,0.21471318317052634,1.5781180575621845
81,16,102,61,74,1,2.970899371230437,2.738309184993793,0.08892094795225858
62,12,59,16,34,0,-0.8892408282283243,0.9553005582377528,0.8760467925297942
91,17,117,64,81,1,3.945341351501964,-0.20796125193845905,0.5409026892793058
99,19,108,58,98,1,-2.2789683250508683,0.21505778787825414,2.9931410211588947
64,15,41,38,13,0,-0.46649537922819795,0.6404797952008238,-0.19050310599781134
84,19,71,91,50,1,1.6481140564431214,-1.2953827796313346,1.1704188992678022
85,16,108,97,66,1,-4.9822719418014465,0.6262076836760303,-2.2609464874302803
88,17,95,61,74,1,3.411989033093632,2.5548147055290222,1.933341963932162
81,18,61,81,57,1,4.04201245431876,-0.8978330416496745,4.494726395831116
91,16,70,74,54,1,2.8643831285207693,0.5268894255621079,3.2712402943658883
62,15,38,38,4,0,-1.1062935124116342,-0.8245141615276735,-0.6085897232397004
99,17,93,67,90,1,-0.05795541612803046,-1.1131152855205055,3.44616613419065
71,15,25,14,34,0,-0.25885440036983165,0.35250496835687956,-0.5703513664136806
96,18,77,81,68,1,-2.6412066010970343,1.5401147167828442,-2.8245099508395537
69,15,20,5,22,0,-0.06863404608546861,-1.3683150388328105,1.987275999230808
73,15,35,43,8,0,0.9113627221747217,0.10575379127148042,1.2637066776546686
96,18,99,92,79,1,-0.6926319549314717,2.086958757340186,1.3996208674374269
97,17,111,84,99,1,1.5280401626673399,3.5447070002135357,2.4649842055596043
98,16,105,83,65,1,1.5774473256500465,-2.3097748724565923,-0.9200925905589274
76,13,43,37,32,0,-0.12270893359572414,0.09337237427665124,-1.1302037246739238
93,18,81,54,51,1,5.823353351156842,4.032788110507146,2.204236640784967
68,15,52,17,13,0,0.07203686128374476,-0.21220896990115168,-0.9519184600222356
67,13,58,15,45,0,0.07748051851886253,0.2577525401427507,-1.2417605754816243
61,12,29,7,0,0,0.33417641724489744,-0.15525904882474875,-1.907807557877391
92,18,109,74,75,1,-0.7207700215590038,0.1727889331567115,4.775375314680381
86,17,102,81,74,1,2.113106249067516,-1.6709631381997827,1.972072578835274
68,12,59,25,15,0,-1.5473039889383655,1.0826910538870733,-0.4711246518178786
70,14,29,21,14,0,-0.09363618873917084,1.32579664754219,-1.28716356858425
93,16,67,80,75,1,-1.7942363702259825,-0.16719865269200973,3.076757702038633
63,14,33,42,46,0,-1.5193460754768424,-2.832155598110569,-0.4511588584089988
92,19,116,59,93,1,2.1034815998218406,3.4005234994776585,0.07367727582920203
61,13,46,11,15,0,-0.41142660711600243,1.1539007342557472,-1.8697416996954206
84,16,68,77,63,1,0.22295844963398148,1.3808477798501155,1.8984374425700685
70,14,50,5,28,0,-0.5098066931908826,0.03444101170584135,-2.4883273534129895
85,16,79,69,73,1,-0.3164968246676967,1.907017425108935,-0.9645880685093591
77,12,39,4,46,0,0.058984221589597374,0.446872500802698,-0.34254920085776497
89,17,84,72,64,1,1.3409275419931417,-0.9254651305692245,0.5867774406079067
83,19,78,58,68,1,2.220432339178445,1.3139459219368685,-0.17306253912787106
68,12,4,28,7,0,0.224216404290793,0.714609790636618,-2.049941278577478
65,14,10,15,33,0,1.1590740649558977,-0.336254738681072,0.42548993324023027
81,18,74,95,51,1,3.394493847290456,-1.743347394460932,-0.4188820048550932
76,15,7,21,26,0,-0.2885486958757048,-0.7837535211244283,1.7349365758368085
84,18,78,57,59,1,-0.7135441876535855,-0.11109355897373319,1.4087780632059537
65,15,22,19,34,0,-1.2021495260760888,-0.39568071175626385,0.31745326125017514
91,18,86,63,72,1,0.3342791912349775,0.8132262822001034,-0.058664224896741723
89,17,99,88,98,1,-2.028940618361534,1.6431864226784771,4.509866143294483
85,16,91,86,57,1,1.0368032615668763,1.4505282344950992,2.385445510233719
87,17,85,99,77,1,-1.5386609930933983,4.405029316259212,1.404657592845604
81,16,86,83,72,1,4.263713798178218,-0.46606599104797874,4.63612384511565
91,16,78,60,53,1,2.5503109880695662,2.1060801717047166,1.468048908706296
72,12,49,39,13,0,-0.24852861807444937,1.2005316584738726,0.14035986984804696
66,13,41,32,41,0,-1.9670697035871523,-1.1171864617070024,-0.1858457521927473
69,12,28,30,28,0,0.3099989831655551,-0.05658848889989584,1.2189707897936632
92,17,98,93,50,1,-2.9022037280772497,1.2871758730103204,-2.6359584507743095
96,19,119,83,53,1,2.519424590968337,0.8110825711159945,1.8392199440482364
93,18,100,99,81,1,-0.7277659211795322,3.558929863315502,3.0834493281177027
81,18,92,56,82,1,2.1670886060237753,0.7409655062731184,2.159714570590264
70,12,18,48,48,0,-0.7068925679873489,0.8555556590207121,1.649480894323921
60,13,36,22,25,0,1.0706105599791862,-0.7296024698074095,0.3614173172731029
98,18,78,95,66,1,-1.5862830875172955,2.1447806223513517,1.9012068257250778
63,13,32,6,38,0,-1.869816339532164,-1.1617838439123638,-0.28313889674376713
78,13,46,24,22,0,-0.30085974714082625,-1.2094769354188053,0.38897872935218375
90,16,75,52,81,1,1.5029472178810241,0.6114617360429614,-0.5115830003167259
67,14,22,37,14,0,1.0487071264165635,1.6554071130882952,-0.4835614838465371
90,16,66,69,62,1,-0.2243338343096415,1.9824153308239927,0.28394124050602754
63,12,25,33,1,0,-0.13939720066323416,0.7396531517246714,-1.9093560875072928
96,18,91,98,68,1,3.6366046497053386,1.1453610486586827,0.17701371087563955
86,18,71,93,73,1,0.8215316915571022,0.9248587100410375,-2.462402606889851
87,19,67,93,94,1,3.989876454906472,1.082651264541237,1.8860042608947505
82,19,64,79,73,1,2.9030995411480855,-1.0423249151206004,1.946943798070457
61,13,41,16,10,0,-0.26764109089879357,0.8467707752164937,-2.1272274203514954
94,18,87,59,71,1,0.801811399517462,-0.2056413115679232,1.864525901268311
84,19,112,84,64,1,1.9400883747364044,-0.4152517896440522,-0.4243477283520871
80,17,64,69,59,1,0.7786692628853411,-0.7932844546304163,2.683967390904254
63,13,48,17,40,0,-0.36920720044744615,-2.9069882193216414,-0.3748220566218061
94,17,85,94,76,1,-1.0770876416879447,-2.262551630921891,-1.474853276445145
79,15,4,43,8,0,0.10940847183297006,1.3286408282482312,0.31318447386498
98,18,81,76,77,1,-0.21300677643147936,1.9118083903414054,0.08181937956201646
62,12,14,48,0,0,-0.6946003691631446,-1.1543626682329844,-1.7518288067517191
79,13,12,35,16,0,-0.3899237065594453,0.15805348992013185,-0.09662367001488972
90,19,87,72,80,1,0.16806614410528276,-0.8914921213935623,2.2164923833699373
76,15,32,31,43,0,-1.317131919946585,0.7760279138434754,-1.0022170189267248
92,16,102,59,59,1,-0.5048704747060699,-1.933570381231354,-0.0028042937712733362
90,16,82,60,86,1,2.9506249169559577,2.031256176887913,2.95684422405607
81,19,92,87,78,1,2.044285091867872,-1.2073396570607384,0.3384215513448853
68,14,42,5,17,0,-0.7801991291174627,1.3305749040390402,-1.1967886464263116
61,12,17,40,46,0,0.8936976893891109,0.8929538701087693,1.8296202017160872
88,19,109,96,87,1,0.18062681474100528,2.424644319160324,5.5633036730776855
88,16,112,83,88,1,-0.2352833538673933,-2.0700804950647194,-2.7600200678155273
67,14,29,35,48,0,0.7127120288613313,-1.8831502080585838,-0.37231905293792283
96,17,85,86,55,1,1.8746263740779214,1.3703510736598281,1.8508897283683445
80,16,75,66,89,1,1.444579711601708,3.5577316266267864,-0.904632761477594
90,18,72,89,61,1,-0.35399027691706264,-0.545318890541648,2.6603836237252203
67,15,38,39,13,0,0.9003985883950636,0.4512253193185082,1.1834936668899279
69,12,32,11,43,0,-1.1780408673763807,1.667224111551137,1.5232386217122582
66,12,25,20,9,0,0.7356219972457467,1.78179890877106,-1.6566232076777738
82,19,107,89,69,1,-0.04889627252530371,-0.4706069213639046,2.4429586475146863
82,17,60,68,64,1,-1.1002814792042912,2.514990298674971,3.741072287993427
97,19,108,52,80,1,2.390405800167999,1.5675020473230021,-0.9757466818014984
64,12,37,17,6,0,-0.8468509661253646,1.2496189052966666,0.7793490039053323
91,19,61,68,90,1,0.9219609612449118,0.16418090846821887,-3.0516157462227538
91,18,108,96,59,1,-1.1417048373688776,4.822838174279447,-1.5609111420049335
98,19,65,55,59,1,1.3789596424421613,3.014887946390397,-1.509845336004585
85,16,105,65,97,1,1.3694209495621665,2.87583107502131,1.0249986438145007
61,15,49,7,38,0,2.8684030556667683,-1.6685992588781953,1.0587285298838789
71,13,37,47,27,0,-0.17280173739646437,0.7719201548366751,0.44130715169924584
98,19,101,67,79,1,-0.46631239421999315,1.4579927849186805,-2.7158029027965744
64,13,23,47,36,0,0.6032475005713938,0.29815846599052565,0.6386601686431024
71,14,17,42,2,0,1.0581183250871502,0.3676198402097109,0.1480894197982762
96,17,86,88,99,1,-0.7621366733225845,-0.4244415272981019,3.373469240354662
96,19,100,98,92,1,3.872670811411957,0.5237791273758918,1.0920054945065483
69,12,7,48,14,0,-0.9046143749937661,1.1727568452674448,0.6654168236917787
96,17,87,61,70,1,4.882434872927498,-0.7566461543594778,0.24398420196356563
74,14,9,44,36,0,0.2314459225255723,0.6464895377257707,-0.21566763754763232
91,17,76,59,61,1,-0.7459221809074008,2.762815057847142,2.4422707250911633
75,13,54,6,3,0,-0.9162741005637249,1.3554428011054958,1.1701987091966037
98,17,88,95,96,1,1.2685929944955858,1.1591957247520728,2.1081155422318143
67,14,57,0,8,0,-0.8617030702562581,0.03003147916408217,-2.1523835446091804
76,15,5,48,38,0,0.8764556455029355,-1.5614932224418594,1.503419828428999
64,13,13,35,41,0,-0.3301200939664503,-0.2116669819311769,-0.6277339060845056
95,17,81,70,77,1,0.4239222521558472,3.837062690296073,-3.975617313070159
65,12,53,36,22,0,1.2769653860881878,0.33802348110170816,-1.2070216478572156
67,14,5,23,44,0,-1.0753123930492379,1.676393027208203,-0.9455068799427312
97,17,85,74,89,1,-1.3067010211919188,3.2746290847294586,1.6771057525718285
91,18,98,56,93,1,-0.8758511530727977,1.433249950809238,-1.0515053672805545
74,13,11,41,21,0,1.1008213984226052,1.0613709648731335,0.5320061988219431
68,15,34,16,23,0,0.3616610612470166,1.7611881248673737,-0.0003136726117747121
92,19,73,78,75,1,-1.3637482508416023,1.8989478256646137,5.1720940990742275
94,17,81,79,79,1,-1.0295189863717042,0.2770744666120285,1.8328920762029053
89,19,110,56,82,1,0.8921903019885217,-0.9646071607546292,3.2437157124609417
95,17,82,82,65,1,5.640081444034519,1.3922629180478148,-0.8081365794720006
86,19,107,56,71,1,-2.09792105010695,1.5159519624423616,3.2077546866325153
76,12,6,23,48,0,0.4751677464953816,-0.002403840918853844,-0.5892716517893062
86,16,99,60,99,1,-1.1843272654361794,2.669502652649764,2.8275432427711715
73,12,49,8,42,0,-1.5457297866907331,1.5898389781806839,0.5740712208940013
74,14,24,11,17,0,1.3995946451457935,-1.342127748485115,-1.365824155415439
66,14,12,34,6,0,-0.14896930976729691,0.5027844268951942,1.7963608229269636
88,16,80,53,99,1,2.412157827630263,0.5146374463759333,-1.0527384153317842
78,14,40,35,25,0,1.23000057271915,-0.9647054257507148,1.6284685547723217
75,15,9,27,7,0,-0.28438464960650933,1.5905820726178503,0.6789312900592783
87,17,112,62,55,1,0.7260090211150835,-0.03879274365225327,0.3181842453078404
77,13,54,22,29,0,0.4283166923752375,0.07715649621771674,-0.5938114080687051
77,13,58,18,38,0,-0.16563141031763223,0.0785770297191498,-2.128734094414812
99,16,68,91,72,1,1.9163362295773974,-0.9594424494336136,-1.30666480641149
66,14,14,36,31,0,-1.6873443471107104,-1.7938924978678903,-1.3554475031122892
62,15,51,38,21,0,-0.7090209576304904,1.9532591375265682,-0.5258796758952039
77,15,1,23,41,0,0.17775010626803134,0.4004813865063287,0.13106518621584873
89,16,84,65,92,1,0.8451130785480128,-1.3905875271984893,3.9018550965584238
86,19,72,82,94,1,4.614393287275771,-2.3653173882453715,-1.048057181772759
96,19,93,61,58,1,0.44037931524598783,-0.9290755898203826,2.0119311069117307
73,15,50,33,30,0,-0.7282722024066131,2.1650560678066024,1.190548594343596
62,15,57,6,6,0,0.2125740306322149,1.0269862633197322,1.105900424357309
91,18,93,60,58,1,-0.12789497611648648,-0.6324344890839295,1.156286125939295
72,15,34,30,12,0,0.861636124497944,0.13906039865341766,-1.5769964821909972
61,13,37,28,2,0,-0.8028244439508423,-0.07397286359437803,-0.07566560432583026
82,16,62,62,84,1,4.945084353579617,-1.771975884797996,2.011178483671749
84,18,101,80,82,1,3.978226216656579,5.542899490845592,0.19120515363207746
70,15,55,1,20,0,0.4914294527201998,0.5697603571986469,0.19548173155329082
67,14,58,38,30,0,-0.09884520123930605,0.4359753895000459,-2.5322460852196853
71,15,5,14,33,0,0.6820694900626313,0.12617790366196718,-0.22247489677826537
86,17,114,60,81,1,5.093724391439116,-0.3498680375811045,0.19384802186993844
94,16,107,83,84,1,4.983106604409468,-0.6641226096997133,-0.10023056587307777
96,19,108,88,64,1,0.7059491531383,2.6814689642590985,1.4156050147066268
83,19,78,53,81,1,-1.5852506943045253,-0.06433712625437904,-0.21470886642442277
72,15,2,10,5,0,-0.07722104522304557,0.4258436586298291,0.4182057558879721
97,19,77,78,94,1,-2.5520235080968043,3.127881975121712,1.505137691993247
80,16,98,51,70,1,3.7690640951878125,1.8883966545813438,3.2026459154715243
95,16,68,65,82,1,1.933090622900254,3.6924515124054964,2.044501272035557
92,17,111,88,81,1,0.8041695071141919,5.5448694408937635,2.778074244559784
89,16,71,62,68,1,2.1474888420088263,-1.5526088330766719,-1.5766152349270754
71,15,4,36,32,0,0.2927154821418534,0.1455211977682408,-0.6141225650083162
61,13,2,16,27,0,0.14098269961206,1.5886269280435958,0.6954024745502987
82,17,70,70,80,1,-1.2820170195054765,0.7769823457141126,-0.6099329617051217
69,13,56,43,20,0,-0.38769991640856116,-0.41361566562964275,-0.4776455826040052
81,19,89,68,83,1,-1.5102707439467897,0.7446906369636197,-0.12121527369461993
92,18,63,56,64,1,-4.858897380004536,5.105944049003326,3.177539308433344
72,15,4,37,13,0,-0.37630072492499606,0.018819049740598424,-1.1716543473175618
77,12,0,7,18,0,1.6957228778108653,1.8972886947731116,0.1566937282465246
82,16,86,62,92,1,3.0470612883706893,1.3505735578678477,-1.6734508777518613
86,19,87,86,64,1,0.17635326207268542,1.2638559335439141,0.09090456251311163
93,19,88,51,55,1,0.562693445129928,0.8172008849817711,0.8382430042690774
79,13,17,40,8,0,0.05225849049748321,-1.060605066396601,-0.7170161491279362
96,19,71,60,86,1,-1.5691685313999386,2.9556310993724004,-3.211293883680649
91,17,72,73,69,1,3.307180686633851,3.7726987945256867,0.3956388260347572
95,16,100,55,83,1,-4.206274175654597,0.277378876065419,0.8716316774223615
71,13,1,25,37,0,-1.0105982199289134,-0.5152183938082427,1.5301951988633513
94,19,96,56,75,1,2.329854324603482,-0.8491282287561999,-2.1951983391908643
89,16,104,88,67,1,0.3459653647804578,0.5730864412991235,1.9923983747266325
66,14,15,18,27,0,-0.535316712567659,0.5114995753618614,1.9351540400602292
99,17,107,55,58,1,2.6310020448885254,0.9038229853384548,0.6336990578934106
84,16,83,92,81,1,0.28665373164025754,3.3612818249042893,-0.2546268919026058
60,13,34,28,5,0,0.04522270899998256,0.05119790188108534,-0.501784192811532
96,16,81,92,63,1,-1.7449310957682016,1.6459490072353362,0.8779920562892329
62,12,35,38,27,0,0.5002404694365699,-0.5336003064391669,1.2208212988130478
72,13,10,1,23,0,-0.8767737812118448,1.7120402840178925,-1.7476365098282616
93,18,114,68,62,1,1.8695401291137823,1.950861365053247,-0.5911141358817646
97,16,117,53,92,1,1.8487878757220253,3.5590373395203176,-3.433637678708129
83,16,105,55,61,1,2.005489614981629,-3.986541640660155,-0.9313296070464161
97,16,88,98,68,1,4.25833272980189,-0.16356406678410806,-1.3477599288179452
64,14,34,36,20,0,-0.19793772898468187,2.067906338163552,-1.8316822472060261
95,18,107,77,76,1,-1.102619823278689,3.9948633663592528,4.7154046870754645
60,15,53,29,18,0,-0.10343122429028392,-1.2390527025266425,2.095843501809159
93,17,74,56,73,1,4.188884783498393,2.357893975524466,-0.62480469787484
94,18,119,58,75,1,0.9019413183239265,0.6792798379103384,1.6617026092311555
88,17,90,74,94,1,3.902002876262672,2.7588340822748063,-1.1547521539695165
74,15,41,32,27,0,1.3764964500195378,0.3131321400131553,0.6870657958589163
96,17,100,50,95,1,3.933081718557206,-1.2231604990271023,0.9283488425870742
83,18,102,55,67,1,-0.06290910271843009,-2.1357188507309117,1.6934199552098397
91,17,75,67,93,1,6.023113103168847,-2.6801554890115056,0.9354387779010593
84,18,69,59,85,1,2.281085870149547,1.2461564033123622,0.7737438949685191
64,13,48,27,41,0,-1.2992163634458243,0.23278674294016363,-0.7567639770159263
90,18,91,60,78,1,-3.3798434099571066,3.3891844410274614,2.916771639684085
65,14,50,32,16,0,0.0516609768510798,0.22907468820570256,1.0743180127155614
66,13,1,0,3,0,0.2243396567780826,0.9040175547613144,-0.29748220087385013
73,15,23,12,43,0,1.3119837385739466,0.3207857259326839,0.19405194360587402
70,12,22,36,44,0,-1.270061088712032,0.2869558543017087,-0.8319549174944512
72,15,1,19,28,0,-0.6382827265284942,-0.8153756283161211,-1.066234931899225
61,13,37,0,3,0,2.1247714030169615,1.3313390619884031,1.9203675021442612
86,19,90,52,59,1,-1.4457900391111278,1.142507499821785,-1.5870152504081916
79,14,50,17,24,0,-0.695694877197064,-0.9181269834165748,1.2395840064415615
63,12,39,40,30,0,-0.39622967810175985,1.0683793336940164,0.604120889588518
67,13,25,13,2,0,2.303638752104789,-1.479444223139724,1.259233239786799
99,17,88,80,96,1,3.2928817408014552,-0.9467576760540692,3.0142666729463192
98,17,62,76,51,1,1.6722899260524575,0.5450474800931844,-0.6478709739439992
72,12,57,16,24,0,-0.7191094514491859,2.049812095785926,0.000682818957482628
93,18,73,95,98,1,2.5642600030629183,-0.5817987633351063,-0.5597058924432776
69,13,24,28,5,0,1.0819848092499422,-1.3495762115515322,-0.41521376790527154
70,15,47,35,25,0,0.03402741107223205,0.11137260184005242,-0.17909328501615626
81,17,60,86,57,1,1.7916395621918462,2.3857115116356233,2.46927509091866
68,13,52,25,34,0,-0.9858038086678267,-0.2841550979287972,1.1947628618769377
96,17,62,66,76,1,2.789294375147745,-1.7457189029621278,1.7029598007044033
82,17,113,71,74,1,-2.9564504987496205,1.0938698041207393,4.795534033491954
65,14,25,24,17,0,-0.9478927172689863,-0.8343230454915821,0.7640297815728595
64,15,17,1,0,0,-1.542801515209646,-0.6327550298850391,0.5964411375817527
84,18,68,71,97,1,-0.2685716953788062,0.5280600255780568,2.4883714206300693
74,15,37,4,38,0,0.42154608353656126,0.2668183962954019,-0.33912227927003874
76,13,22,3,2,0,0.37006111526895535,-0.12373268009975662,0.45780560992578473
68,12,20,35,3,0,-0.49693202511797824,-0.18256897437954112,-0.9899577925520139
82,18,116,55,90,1,0.9299847799875282,-0.6220017272576897,-1.2280929003239867
99,16,60,70,86,1,1.5173222957107764,1.4254795517153207,2.565747469897145
76,14,20,12,14,0,-0.43112556957509907,0.4080528468367557,0.5507975722736632
89,17,86,86,57,1,1.8895476156631896,-0.6513073656042843,1.2987269645423778
82,18,101,74,87,1,1.7282805921093227,1.014356933815884,-3.1729553167421694
97,17,118,75,99,1,1.3209792479469602,5.425062078794484,0.27992146248603456
97,18,65,88,68,1,-0.4561541957106423,1.7466971194227963,1.6247564209331435
96,17,114,69,96,1,3.385470330832829,-1.5157363118177756,2.462760505149985
62,13,43,32,25,0,0.5904220612514635,-0.1421465369405461,0.33868731792169
62,15,35,13,38,0,1.0294574815983573,0.8723153800284503,-1.1430193120737286
65,13,27,35,9,0,0.8201581867554845,-0.06468860503251848,0.07287409801551539
92,19,104,66,87,1,1.146393982003389,0.69951402240348,3.38341499421413
94,17,76,70,63,1,0.8325640803015759,-1.2390922567663374,0.21294028806054233
68,12,58,45,48,0,0.1786947168104756,1.2292147842970504,0.6030946849488336
83,17,99,65,90,1,-0.7010705574940879,5.970379833357783,1.5295506219559591
73,12,57,45,18,0,1.2753907379990148,-0.15171443357722914,0.5333592447054494
64,12,51,15,29,0,0.8394685045184047,1.218194711754256,1.057368305378225
61,13,2,19,4,0,0.8721970000729778,-0.3150867311941086,-0.5717460419560614
90,16,71,78,80,1,1.665215020648395,2.8662561446821386,0.5545585984467859
88,19,98,77,56,1,3.130343931428773,3.9052334909723587,-0.8326418381468395
62,14,11,7,18,0,-0.8369207037962799,-0.14037505890533644,0.3076126681891964
68,13,1,23,30,0,-0.524567013767051,1.3522026788671444,0.4240668615184512
62,12,55,2,38,0,0.03944704824073949,-1.4359095238685275,-1.3158158164275071
61,13,45,24,23,0,0.2810092502818063,-2.132595626154836,1.0126374096440718
91,19,81,68,83,1,0.6836923112553595,7.4861859391894665,5.615832501232221
89,17,82,82,72,1,0.6371018615049665,0.7873259949373701,2.9911630280040598
68,13,29,1,47,0,1.7031726099180378,-1.6380290574360168,-1.7863754653546866
74,12,4,14,44,0,-0.6220348055543814,0.5827375831738644,0.4968735905075971
87,19,68,71,89,1,3.1395429099677004,-1.3993950567306164,-3.6322877259377533
84,18,80,59,55,1,2.716028390604291,-0.6563925459304691,-3.036975728777276
70,14,10,17,37,0,0.14506374595938162,0.7931756882186773,-0.12205713212127726
61,12,4,21,40,0,-0.45784838618248924,-0.15936223214590656,-0.37058276240078286
74,13,34,45,35,0,-1.3480471119401671,-0.7146806769904318,0.5212799050138145
85,16,86,98,76,1,1.6433570827530002,1.3361196119336405,-0.9902969637067589
87,16,108,76,60,1,0.6369936757286657,-3.3541300928857094,1.3569533277707795
84,16,61,62,54,1,3.8577154156271347,-1.9482642640842114,-0.1718553466355106
75,13,23,32,16,0,0.32910677871012955,1.2528426344274837,-0.4482246163001494
77,15,30,4,6,0,-0.6922503292658964,-1.9689231424160831,0.10343812930810638
85,16,92,75,76,1,5.084152080287488,1.5547169239293517,0.9554420416325734
84,17,98,62,96,1,1.644164621533971,0.9778159921027959,-0.6260287445202597
75,15,29,26,14,0,0.8232799156777053,0.2257615231117544,0.017613251933657315
92,16,105,63,95,1,-0.9507320545564999,3.6070158638695182,2.32940549066622
84,18,96,73,62,1,-0.10584167473460404,3.0036497073638744,0.0048583232295856815
72,15,50,2,10,0,-0.782003492511037,-0.7597031174802871,-1.7710685530880912
96,16,87,96,94,1,1.9430847608364115,-2.6622897566767003,-1.4568876625315252
77,15,59,48,25,0,-2.0755880090785332,-0.08606969279089306,-0.15032046027187207
67,15,30,29,21,0,-0.32669621318636405,-1.0425776946705763,-1.17223375343664
72,15,10,34,27,0,0.46436986354657417,-0.5505519317084877,0.31635832153614474
78,15,22,47,23,0,-0.8852486861242225,0.18106274277108234,1.3032780373160637
62,15,56,13,28,0,0.5861658003927833,-0.4124138182164804,0.25719897035592737
67,15,1,11,8,0,-0.24066517453021302,0.007880184694728152,-0.3256110521485036
61,12,39,27,41,0,-0.1643352058853912,0.21209335307417523,-0.9933586995819507
87,18,100,93,53,1,-1.0317576539799567,-1.7770851076624221,-2.20054220900742
72,13,26,28,48,0,-1.2172826922204794,0.15946250680412918,-0.8927875154918841
72,15,34,42,45,0,0.5136144642310962,0.03471374875256186,-1.9685042134380537
80,17,61,66,67,1,2.3099511684433796,2.62159729118342,-0.9877253496697067
85,16,98,89,92,1,1.8403830857899832,-0.7129964748183979,1.1953407534966707
98,19,96,98,65,1,-1.5289968139099313,-2.5862129050691536,0.23436562077406264
75,14,20,20,32,0,-0.12372894627483615,-0.39767969361460404,-1.1840305582225594
87,17,117,72,78,1,0.20020187573772585,1.538589505161468,0.910213939754926
60,15,4,19,38,0,0.1825010305992134,-0.6701152004542329,1.1717179147161596
75,12,51,10,9,0,-1.1761733365547806,0.4875602970867186,1.1818910929599615
68,14,44,33,8,0,0.4809080927488954,-0.20252422706483003,-0.5282970466629792
72,13,20,9,30,0,1.036087651046256,-1.422974925261673,-0.9701242603796436
90,17,88,59,77,1,0.2048844690165572,3.4753075150239963,1.759535272081792
92,19,79,92,52,1,-0.9360915170204906,0.3793845892301927,-0.2286462881925888
69,14,37,5,13,0,-0.7097889922335351,0.9788895585567792,-1.3717431292635056
63,14,19,35,24,0,1.6087808557343735,0.8282296901846228,1.090861670603698
65,14,49,23,14,0,-0.4629395120252583,-0.14994071907910936,-1.433151814524712
86,18,84,61,51,1,-0.04932481413360601,1.9873096952863016,3.5921261235627924
64,12,1,42,23,0,-1.1071568168024517,-0.36550593698526584,-0.15129922023252232
70,14,56,22,13,0,-1.3957892021924851,0.5913492417584003,-0.7239903317426091
92,17,91,76,97,1,0.6092192976459521,0.09610125617624465,-0.5786770114393487
98,17,85,94,56,1,0.9859100290388906,0.5687808428639552,0.2562842354426689
69,12,5,36,35,0,-0.7284616216803428,0.31952467078295543,1.653617268492285
89,17,100,55,99,1,1.2797744656782548,2.992236429822258,-1.7804438503069253
90,17,116,50,73,1,1.315522878587539,-1.1947366379421331,-1.9538498550638028
66,14,2,5,26,0,-0.7393714074590363,1.1918993344135729,0.9500158286696456
97,17,92,99,86,1,1.4860094441087994,-2.0654011197798616,0.6074386972241264
63,12,0,21,37,0,0.30170000890173554,0.1755362295785979,-1.8437935834807457
81,18,110,90,79,1,-0.7806356960397436,0.8718444717025667,2.07258181903438
73,15,4,23,26,0,-2.1961278210999464,-0.16212397547985843,0.14304876987895235
72,14,12,24,38,0,0.8496119885162131,0.6928575842374367,0.5825713188088052
71,12,18,14,14,0,-0.7999405067019342,-1.9080021371233076,-0.39305275706140097
86,18,71,75,75,1,3.00326365041712,3.786909055048863,2.4210982045955705
61,14,47,7,0,0,0.42934082280173436,0.3796396483859655,-0.5561187467607805
92,16,84,73,53,1,0.7398794128927599,4.338139051652663,-0.8851160115837526
73,14,56,47,28,0,1.6147787907098514,-0.3220281544920584,1.3254321090950785
76,12,50,37,0,0,-1.4068150094975382,0.5859042011646491,-0.736770135947622
88,16,94,55,92,1,-1.830534383848375,1.4370680848218913,3.0189435771919375
76,15,11,34,49,0,-0.8449414385934964,-1.4990159604584012,-0.09184476433495513
67,13,29,41,45,0,-0.08743532877718108,0.5483196275544987,0.9495945713644882
81,17,64,50,71,1,0.8811696374550118,4.7110066295885265,1.4484694890705836
72,14,33,45,10,0,-0.3464265060068996,-1.611567359102828,-0.26265952031616774
62,14,21,35,9,0,-0.33638694541113623,0.9603047962814704,0.46248362406685406
75,15,38,11,16,0,-1.1793691216326172,0.1722543864110375,0.6715311717290534
65,15,12,37,35,0,1.5280313593878327,0.8875039674140593,0.7608466543114778
98,19,116,60,96,1,1.1201719892303272,1.7766240108468994,3.4990098014123174
86,16,106,61,75,1,-1.6655547949592995,0.30112134556608816,-0.5451374975124814
69,15,53,41,47,0,0.3791531187261241,1.2302221756507876,-0.5969742867210739
88,19,62,99,70,1,-3.780608734938876,0.1755585099510597,2.826947464034813
61,14,59,38,12,0,0.5376299029498797,0.4281862478105761,-0.27999330187447974
94,19,112,56,58,1,-1.5580614724395727,2.030588643248935,-0.6685636200692495
64,12,19,10,10,0,2.184096733380456,0.570507208354516,-0.5806483025539511
63,12,30,35,10,0,-0.6113852473886282,-0.09294420661358828,-0.23950192202174977
79,14,4,30,5,0,1.1168337755299542,0.18641616974404632,-0.7316317389085281
63,15,23,32,0,0,1.8904406851557827,0.04930833152022263,0.7688396759688968
77,15,39,12,5,0,-0.6082265074447593,0.3631156277445234,0.3111099911431952
63,12,53,17,12,0,-1.889649292096153,2.01527511046064,1.2906444609225471
96,19,92,90,71,1,0.20560936770802474,-1.204539480911711,1.695123227607104
71,15,7,23,30,0,0.08669769941439659,0.3556689485632294,0.19157739619408962
96,19,83,58,71,1,2.012481978611852,3.894611398783613,2.136206410257292
69,13,49,30,36,0,-1.0496554989099411,1.362562852712452,1.6406145634882874
80,18,79,90,96,1,7.30411346902417,-1.246988066479196,1.48576402630055
97,17,119,59,76,1,-3.1641974063779745,2.106298312758418,-0.09640059633354525
97,18,75,51,99,1,4.846891589649907,-0.5492299400371639,-2.3783660759345233
73,12,49,37,13,0,-0.47126374070251964,-1.9754877712171375,0.7510994545073101
74,15,51,14,46,0,-2.0650830462563206,0.02845758118315888,-2.077811819856197
91,18,71,52,54,1,0.35940439092671617,4.286756311609068,1.7212957828715898
63,13,12,42,35,0,-0.863493604964934,-0.031203488939083975,0.018016872044446585
82,19,104,80,81,1,1.9452606916868111,-1.7337167265616529,2.1851345476946613
79,12,41,5,33,0,-2.704391631602775,-0.6298845523638104,-0.48827384245154465
91,18,98,52,56,1,2.2666536521424767,1.0452617053537383,-1.8111261077125733
86,18,84,60,91,1,-0.9699862516340303,1.3973600190948137,0.8418653162708875
70,14,45,14,47,0,-0.5791241096357465,-0.48083378951197936,0.696167997159289
80,19,91,94,59,1,-0.035385145738429324,0.8238175119418534,5.339873176161086
65,13,23,27,49,0,-1.423682636883923,-1.8518427315746586,0.7835896647986067
94,17,107,59,66,1,-0.35728612258820647,0.3635249445147595,-0.5623127562622283
94,18,106,87,79,1,0.480399718464975,4.197076224192683,2.6042569172362384
78,12,43,46,20,0,0.8622235118869771,-1.4162270557926455,-1.1511537365528692
70,12,8,49,12,0,-2.839078659485427,-0.809380821082754,0.9567031863856584
61,13,39,49,0,0,0.5169465157483709,-0.2215132629521239,-0.02230028371805305
93,16,109,56,50,1,-0.37777108515081115,1.4095177648035684,2.53175655896123
61,13,22,14,46,0,-1.6158867874104728,0.29964768783734813,0.9324348709546673
83,18,109,67,82,1,0.16979942207326082,2.4014012242411673,6.629308888945106
96,17,72,67,87,1,0.7913144140262162,1.7866141000106472,-0.4761141673227831
62,13,59,40,24,0,0.1812511626020504,0.46027162498230384,0.19484234027013805
72,14,58,23,25,0,-1.0196953197088567,0.2063617713254507,1.4621959387176369
88,16,91,51,62,1,1.8972715290290547,2.923974378143682,0.5259760599747445
86,17,109,89,77,1,2.499800478847421,1.5585356764330518,-0.901821459374464
74,13,14,19,32,0,0.31852100479887446,-0.9916966634403105,-0.6328802748847919
70,14,35,33,36,0,0.18932830729237413,0.29724427338012405,-1.189232465077129
79,12,48,42,40,0,1.0539857711828762,0.5720062783004729,-0.7047284356108838
61,13,4,25,29,0,-1.5375847964491753,-0.1449045790814313,-0.44594371386116016
74,14,21,6,48,0,0.11314045705302281,-0.3631166611555665,-2.00745686074501
93,17,75,87,97,1,0.2233061233976832,0.38876177786337407,2.2673220495481177
99,19,100,79,57,1,-0.3963993492220994,4.357349346745132,-2.823281101303514
90,18,69,91,98,1,3.622334995605249,0.5513620582437904,2.7191697446871124
82,16,83,54,96,1,1.1596029681174662,3.2791110720509384,0.2252760708943775
76,12,17,10,0,0,-1.0986204251778122,1.4205042872710631,-0.11348064588214118
71,12,48,0,11,0,0.2215584736242106,1.2347519140447951,-1.031955242094435
74,12,17,33,4,0,0.5954908976392573,-0.5898947564628909,-0.13216935564437185
95,17,66,50,73,1,1.1445579307685778,-2.000443722893872,-0.5576740856408695
84,17,63,68,55,1,3.7021457848262784,2.772382377169591,0.8747208453455303
79,12,25,1,24,0,0.24312345851289308,-0.29424250563645765,1.356583385827982
65,12,4,20,0,0,-0.20035257779416388,0.23184209213484805,1.146030144142065
98,16,119,69,74,1,-0.5547429696918131,4.117578368993788,-2.0609228194867537
84,17,114,72,50,1,4.259284262225597,0.2546488320960508,0.5146025043494364
62,12,15,20,31,0,-1.890010171182943,-0.4547947173776929,-1.0398065310268843
60,12,34,23,41,0,-0.6076463453734726,-0.1373109657888796,0.9577916144729056
85,19,85,53,91,1,1.4152067028012516,1.6153533068022277,-1.1910387776911247
74,15,17,11,2,0,-0.8807540896027302,1.798725018351312,-0.7352010347632466
61,12,28,21,48,0,1.6562082520572956,-0.2430611988808665,0.0022879361435040493
62,14,22,19,18,0,1.0703651602299298,1.2718924219386565,-0.1108125602790875
96,16,112,67,92,1,0.22351389295692226,0.8881591029555738,1.6759150564642367
91,19,73,50,78,1,2.782607373739511,1.0084597179883033,2.237772596046307
97,18,74,79,99,1,4.276719464541882,1.7626192245295693,1.6233057120095566
94,18,108,82,51,1,-2.0378216501801356,-4.261460273658127,1.7767514584603368
91,16,92,73,58,1,0.8103515374382555,-0.02956534982948389,1.4870604083726893
95,19,84,63,66,1,0.8791925416061834,3.255560501267797,1.172221736517956
87,19,80,85,95,1,-0.4938465701403352,2.9803324779185782,0.565737850107595
73,14,16,4,35,0,0.5265366836723071,-0.47741070619280046,-0.6498268854974364
76,12,22,10,16,0,0.08416823018569615,0.01282864354368512,0.479827035366833
67,13,56,23,48,0,-0.26864575330974255,-1.8363597837703973,-0.43277388358838864
74,13,42,30,11,0,0.7938184671438157,-0.29737607924310644,-0.24638340251454802
73,15,16,12,19,0,0.9863765059059371,-0.7119732272589228,-1.5428032182428997
77,13,57,15,49,0,-0.16063111952549436,-0.484173951248737,-0.966246319753254
79,15,13,23,2,0,-0.17537845589869072,0.49150564724678364,-0.009288561567815747
86,19,88,62,92,1,1.6139621453724755,4.626815397030846,0.31424227688487183
82,19,79,73,99,1,1.556697269289339,-0.018426725198269045,-0.6927194397739458
71,13,29,25,3,0,-0.5849076534177698,-0.47875857152168855,0.35947579754712555
62,15,18,1,16,0,2.3490757867007575,-0.7160434362758403,-0.4166253056154625
99,18,112,65,99,1,0.8737539737775035,1.791597697419494,1.5271016239095698
73,12,38,37,36,0,1.2840957939481172,-2.4263920705352082,-2.3869298701956727
74,12,55,45,45,0,-0.4958781720101493,1.0973001875437087,-1.5656480316055963
93,19,72,50,91,1,-5.015264679387514,2.1423588124384176,1.4873144474054287
66,12,17,48,14,0,-1.0902084067994298,-0.9855396007209299,-0.9697437196346744
96,17,82,60,82,1,1.2210706349478802,-0.25263055236601395,1.9881278379510392
71,13,45,34,15,0,-2.854626662904391,-0.8568518651277993,-1.1260539609110503
99,16,92,92,60,1,0.4873186432550156,-0.07609551698027706,2.595687559791533
83,17,98,78,69,1,-2.718673543320115,1.090982952661504,2.116672846423411
88,16,99,86,87,1,4.7132948731239095,0.036468057813049626,1.648917208705034
65,12,17,16,23,0,-1.803862792562365,-2.391956204313024,0.8447743757816999
95,16,68,88,65,1,0.9888794127038588,3.3570253795968457,-1.7468057779394983
61,15,32,41,29,0,0.5199021395287525,1.8688178405438531,0.4197056083572659
67,12,31,27,33,0,0.27658150559104877,0.008556080824349832,-1.5708814571259122
70,15,53,28,0,0,1.355572935710348,-0.6108576398050658,0.5044832563830169
72,12,16,42,23,0,-1.5630343065712535,-1.1794596645077804,1.4350873992222355
96,16,78,52,73,1,0.30539542208431414,3.906550952085089,0.8435386818829644
87,16,86,59,58,1,-2.683795545915715,2.7841351994634413,-0.1797846355112156
77,13,5,41,21,0,0.6986888135170435,0.025210867540082116,-1.5431182279428703
77,15,34,13,11,0,0.16429476537056906,2.196223142152799,0.4929864585144592
93,19,115,61,66,1,0.8849644939890737,3.1506868039137954,1.4213369304062216
74,12,36,46,24,0,0.20953423026279433,-1.0916251721591026,0.23384802578959837
85,16,93,91,77,1,3.0708868328338896,-0.6721243042000493,3.8489916424938952
70,13,19,29,14,0,-0.09170602414512598,-0.8877695115385407,0.9976320769202445
72,13,24,31,29,0,-0.2867942357382693,0.7595148874861078,-0.29175863225853715
80,17,63,81,76,1,0.8803477129401927,1.9871204086685832,1.5817941151800117
65,15,9,41,21,0,-1.9955317804517385,-1.1212437400943918,0.9294099847908155
88,19,69,81,59,1,0.7357268221969055,-0.04746260554284354,-1.7171480305149487
67,15,23,25,30,0,-1.0797363212758484,-2.0217986399619474,-0.10128071870153288
70,12,20,0,26,0,-0.5984375805810469,-0.9665878909853152,-0.0681234251679531
78,15,10,41,11,0,0.3639706308527381,2.0931979322099448,-1.5118834195632136
88,18,86,51,95,1,3.318762086601044,2.946203122030144,-0.5581854787534011
76,14,15,16,30,0,0.20323595458603103,-0.45763324933761523,0.18568858041873892
71,13,25,29,31,0,1.5091310134045506,0.605606232631313,0.508608373233442
73,15,29,38,31,0,-0.4303093199546424,-1.4840566649243352,-0.2084682105404079
74,14,48,6,40,0,1.2066081548639151,-1.5271678565896476,-1.055089368176695
95,17,75,76,94,1,1.2525354724681363,-0.9693095696945249,-0.5850468942304252
99,19,66,58,84,1,0.1528028365436458,-1.7312348083802989,-0.9482436924327367
60,12,15,21,45,0,0.7034279167873088,-1.307369782230964,-1.5978721344948377
89,18,94,83,70,1,-0.2600499590677887,2.4639110050196917,0.606156384006221
67,12,57,45,9,0,-0.46458107811561833,0.04435879751560705,-1.745707432859652
77,15,15,48,15,0,0.49470565377503245,0.38343503140364416,-0.40930847409572124
60,14,39,0,6,0,1.0059245117964166,-1.1274960989530387,1.127908993253569
81,19,71,58,53,1,1.3089873311905023,0.32689482024365324,0.9602527292633769
80,16,94,69,76,1,0.7854704683781165,3.440565792835434,-1.153358254942027
80,18,108,68,74,1,-0.5250384782931965,3.0726057841449594,-0.1910698703677185
88,16,80,85,80,1,2.801066154663183,4.398871966017419,0.19640994611673268
92,19,109,89,60,1,2.362724653150611,-1.307384562679717,2.5094665961356184
80,19,102,94,97,1,1.3988479719735343,1.9460765643204305,-0.29114414407079003
92,16,95,53,69,1,-2.322166831134345,2.0065041294990094,-3.126806304958909
99,18,107,58,85,1,0.3652990155149304,2.8823637328399396,1.383795471746072
86,16,76,90,66,1,4.896685289579626,3.050218305163547,-0.3077967766511529
61,15,31,21,44,0,0.02731337985143867,-0.04737070254443595,-1.5821767633461272
85,16,100,67,60,1,-0.8807978329687065,-0.1215218139597205,-3.072441005711873
86,19,65,61,79,1,1.0949869365032858,0.5018563106939186,-2.3457878026231485
93,16,83,91,84,1,1.808425730554664,2.4317454893819193,1.4540689577297778
97,18,86,92,90,1,0.3518636495820596,2.1828843035037098,2.360440720953382
94,18,79,88,87,1,1.6148071394393768,-0.6492245008695219,1.5532015310223612
81,16,84,58,71,1,3.390961301650958,-0.19325811722346042,5.1958786782648625
89,16,61,55,92,1,-0.051261867970768815,1.0648140266802724,-0.34497119201267235
91,18,68,68,97,1,1.4465416718405217,-2.4844433852705503,-0.09208359763344243
96,19,87,97,76,1,-1.1842424006971344,1.2706766957845819,2.9888947510178148
87,18,112,96,86,1,2.292012374229103,-3.7433187217177846,5.084139305855761
90,19,97,56,95,1,1.5905598812417368,-0.5529982809860006,1.3142558379818816
62,12,2,15,48,0,0.17618982250269238,-0.6668487169515637,0.1979166673420755
65,12,19,4,34,0,-0.6074722876203072,-0.40436199269002276,-0.6862791357550845
88,19,65,65,53,1,-1.8653425794793055,1.2916729404307679,2.1705988730326764
85,16,98,50,65,1,2.0297671921527445,2.6398505052704686,1.6486804200297365
68,15,32,36,15,0,-0.5327254982169035,0.8396638644311888,-1.357517539841935
